"Id","Angles","StartDir","Op"
"hexcasting:get_caster","qaq","NORTH_EAST","OpGetCaster"
"hexcasting:entity_pos/eye","aa","EAST","OpEntityPos"
"hexcasting:entity_pos/foot","dd","NORTH_EAST","OpEntityPos"
"hexcasting:get_entity_look","wa","EAST","OpEntityLook"
"hexcasting:get_entity_height","awq","NORTH_EAST","OpEntityHeight"
"hexcasting:get_entity_velocity","wq","EAST","OpEntityVelocity"
"hexcasting:raycast","wqaawdd","EAST","OpBlockRaycast"
"hexcasting:raycast/axis","weddwaa","EAST","OpBlockAxisRaycast"
"hexcasting:raycast/entity","weaqa","EAST","OpEntityRaycast"
"hexcasting:get_media","dde","WEST","OpGetMedia"
"hexcasting:circle/impetus_pos","eaqwqae","SOUTH_WEST","OpImpetusPos"
"hexcasting:circle/impetus_dir","eaqwqaewede","SOUTH_WEST","OpImpetusDir"
"hexcasting:circle/bounds/min","eaqwqaewdd","SOUTH_WEST","OpCircleBounds"
"hexcasting:circle/bounds/max","aqwqawaaqa","WEST","OpCircleBounds"
"hexcasting:swap","aawdd","EAST","OpTwiddling"
"hexcasting:rotate","aaeaa","EAST","OpTwiddling"
"hexcasting:rotate_reverse","ddqdd","NORTH_EAST","OpTwiddling"
"hexcasting:duplicate","aadaa","EAST","OpTwiddling"
"hexcasting:over","aaedd","EAST","OpTwiddling"
"hexcasting:tuck","ddqaa","EAST","OpTwiddling"
"hexcasting:2dup","aadadaaw","EAST","OpTwiddling"
"hexcasting:stack_len","qwaeawqaeaqa","NORTH_WEST","OpStackSize"
"hexcasting:duplicate_n","aadaadaa","EAST","OpDuplicateN"
"hexcasting:fisherman","ddad","WEST","OpFisherman"
"hexcasting:fisherman/copy","aada","EAST","OpFishermanButItCopies"
"hexcasting:swizzle","qaawdde","SOUTH_EAST","OpAlwinfyHasAscendedToABeingOfPureMath"
"hexcasting:add","waaw","NORTH_EAST","?"
"hexcasting:sub","wddw","NORTH_WEST","?"
"hexcasting:mul","waqaw","SOUTH_EAST","?"
"hexcasting:div","wdedw","NORTH_EAST","?"
"hexcasting:abs","wqaqw","NORTH_EAST","?"
"hexcasting:pow","wedew","NORTH_WEST","?"
"hexcasting:floor","ewq","EAST","?"
"hexcasting:ceil","qwe","EAST","?"
"hexcasting:construct_vec","eqqqqq","EAST","?"
"hexcasting:deconstruct_vec","qeeeee","EAST","?"
"hexcasting:coerce_axial","qqqqqaww","NORTH_WEST","OpCoerceToAxial"
"hexcasting:and","wdw","NORTH_EAST","?"
"hexcasting:or","waw","SOUTH_EAST","?"
"hexcasting:not","dw","NORTH_WEST","?"
"hexcasting:xor","dwa","NORTH_WEST","?"
"hexcasting:greater","e","SOUTH_EAST","?"
"hexcasting:less","q","SOUTH_WEST","?"
"hexcasting:greater_eq","ee","SOUTH_EAST","?"
"hexcasting:less_eq","qq","SOUTH_WEST","?"
"hexcasting:equals","ad","EAST","OpEquality"
"hexcasting:not_equals","da","EAST","OpEquality"
"hexcasting:type_equals","wawdw","EAST","OpTypeEquality"
"hexcasting:type_not_equals","wdwaw","EAST","OpTypeEquality"
"hexcasting:bool_coerce","aw","NORTH_EAST","OpCoerceToBool"
"hexcasting:if","awdd","SOUTH_EAST","OpBoolIf"
"hexcasting:random","eqqq","NORTH_WEST","OpRandom"
"hexcasting:sin","qqqqqaa","SOUTH_EAST","?"
"hexcasting:cos","qqqqqad","SOUTH_EAST","?"
"hexcasting:tan","wqqqqqadq","SOUTH_WEST","?"
"hexcasting:arcsin","ddeeeee","SOUTH_EAST","?"
"hexcasting:arccos","adeeeee","NORTH_EAST","?"
"hexcasting:arctan","eadeeeeew","NORTH_EAST","?"
"hexcasting:arctan2","deadeeeeewd","WEST","?"
"hexcasting:logarithm","eqaqe","NORTH_WEST","?"
"hexcasting:modulo","addwaad","NORTH_EAST","?"
"hexcasting:unique","aweaqa","NORTH_EAST","?"
"hexcasting:print","de","NORTH_EAST","OpPrint"
"hexcasting:explode","aawaawaa","EAST","OpExplode"
"hexcasting:explode/fire","ddwddwdd","EAST","OpExplode"
"hexcasting:add_motion","awqqqwaqw","SOUTH_WEST","OpAddMotion"
"hexcasting:blink","awqqqwaq","SOUTH_WEST","OpBlink"
"hexcasting:break_block","qaqqqqq","EAST","OpBreakBlock"
"hexcasting:place_block","eeeeede","SOUTH_WEST","OpPlaceBlock"
"hexcasting:colorize","awddwqawqwawq","EAST","OpColorize"
"hexcasting:cycle_variant","dwaawedwewdwe","WEST","OpCycleVariant"
"hexcasting:create_water","aqawqadaq","SOUTH_EAST","OpCreateFluid"
"hexcasting:destroy_water","dedwedade","SOUTH_WEST","OpDestroyFluid"
"hexcasting:ignite","aaqawawa","SOUTH_EAST","OpIgnite"
"hexcasting:extinguish","ddedwdwd","SOUTH_WEST","OpExtinguish"
"hexcasting:conjure_block","qqa","NORTH_EAST","OpConjureBlock"
"hexcasting:conjure_light","qqd","NORTH_EAST","OpConjureBlock"
"hexcasting:bonemeal","wqaqwawqaqw","NORTH_EAST","OpTheOnlyReasonAnyoneDownloadedPsi"
"hexcasting:recharge","qqqqqwaeaeaeaeaea","NORTH_WEST","OpRecharge"
"hexcasting:erase","qdqawwaww","EAST","OpErase"
"hexcasting:edify","wqaqwd","NORTH_EAST","OpEdifySapling"
"hexcasting:beep","adaa","WEST","OpBeep"
"hexcasting:craft/cypher","waqqqqq","EAST","OpMakePackagedSpell"
"hexcasting:craft/trinket","wwaqqqqqeaqeaeqqqeaeq","EAST","OpMakePackagedSpell"
"hexcasting:craft/artifact","wwaqqqqqeawqwqwqwqwqwwqqeadaeqqeqqeadaeqq","EAST","OpMakePackagedSpell"
"hexcasting:craft/battery","aqqqaqwwaqqqqqeqaqqqawwqwqwqwqwqw","SOUTH_WEST","OpMakeBattery"
"hexcasting:potion/weakness","qqqqqaqwawaw","NORTH_WEST","OpPotionEffect"
"hexcasting:potion/levitation","qqqqqawwawawd","WEST","OpPotionEffect"
"hexcasting:potion/wither","qqqqqaewawawe","SOUTH_WEST","OpPotionEffect"
"hexcasting:potion/poison","qqqqqadwawaww","SOUTH_EAST","OpPotionEffect"
"hexcasting:potion/slowness","qqqqqadwawaw","SOUTH_EAST","OpPotionEffect"
"hexcasting:potion/regeneration","qqqqaawawaedd","NORTH_WEST","OpPotionEffect"
"hexcasting:potion/night_vision","qqqaawawaeqdd","WEST","OpPotionEffect"
"hexcasting:potion/absorption","qqaawawaeqqdd","SOUTH_WEST","OpPotionEffect"
"hexcasting:potion/haste","qaawawaeqqqdd","SOUTH_EAST","OpPotionEffect"
"hexcasting:potion/strength","aawawaeqqqqdd","EAST","OpPotionEffect"
"hexcasting:flight/range","awawaawq","SOUTH_WEST","OpFlight"
"hexcasting:flight/time","dwdwdewq","NORTH_EAST","OpFlight"
"hexcasting:flight/can_fly","dwdwdeweaqa","NORTH_EAST","OpCanEntityHexFly"
"hexcasting:sentinel/create","waeawae","EAST","OpCreateSentinel"
"hexcasting:sentinel/destroy","qdwdqdw","NORTH_EAST","OpDestroySentinel"
"hexcasting:sentinel/get_pos","waeawaede","EAST","OpGetSentinelPos"
"hexcasting:sentinel/wayfind","waeawaedwa","EAST","OpGetSentinelWayfind"
"hexcasting:lightning","waadwawdaaweewq","EAST","OpLightning"
"hexcasting:flight","eawwaeawawaa","NORTH_WEST","OpAltiora"
"hexcasting:create_lava","eaqawqadaqd","EAST","OpCreateFluid"
"hexcasting:teleport/great","wwwqqqwwwqqeqqwwwqqwqqdqqqqqdqq","EAST","OpTeleport"
"hexcasting:sentinel/create/great","waeawaeqqqwqwqqwq","EAST","OpCreateSentinel"
"hexcasting:dispel_rain","eeewwweeewwaqqddqdqd","EAST","OpWeather"
"hexcasting:summon_rain","wwweeewwweewdawdwad","WEST","OpWeather"
"hexcasting:brainsweep","qeqwqwqwqwqeqaeqeaqeqaeqaqded","NORTH_EAST","OpBrainsweep"
"hexcasting:akashic/read","qqqwqqqqqaq","WEST","OpAkashicRead"
"hexcasting:akashic/write","eeeweeeeede","EAST","OpAkashicWrite"
"hexcasting:escape","qqqaw","WEST","OpEscape"
"hexcasting:runtime_escape","wdeee","SOUTH_EAST","OpRuntimeEscape"
"hexcasting:open_paren","qqq","WEST","OpOpenParen"
"hexcasting:close_paren","eee","EAST","OpCloseParen"
"hexcasting:open_n_parens","qdaqadq","WEST","OpOpenNParens"
"hexcasting:close_all_parens","eadedae","EAST","OpCloseAllParens"
"hexcasting:read_into_parens","aqqqqqwded","EAST","OpReadIntoParens"
"hexcasting:undo","eeedw","EAST","OpUndo"
"hexcasting:eval","deaqq","SOUTH_EAST","OpEval"
"hexcasting:eval/cc","qwaqde","NORTH_WEST","OpEvalBreakable"
"hexcasting:halt","aqdee","SOUTH_WEST","OpHalt"
"hexcasting:read","aqqqqq","EAST","OpRead"
"hexcasting:read/entity","wawqwqwqwqwqw","EAST","OpTheCoolerRead"
"hexcasting:write","deeeee","EAST","OpWrite"
"hexcasting:write/entity","wdwewewewewew","EAST","OpTheCoolerWrite"
"hexcasting:readable","aqqqqqe","EAST","OpReadable"
"hexcasting:readable/entity","wawqwqwqwqwqwew","EAST","OpTheCoolerReadable"
"hexcasting:writable","deeeeeq","EAST","OpWritable"
"hexcasting:writable/entity","wdwewewewewewqw","EAST","OpTheCoolerWritable"
"hexcasting:read/local","qeewdweddw","NORTH_EAST","OpPeekLocal"
"hexcasting:write/local","eqqwawqaaw","NORTH_WEST","OpPushLocal"
"hexcasting:thanatos","qqaed","SOUTH_EAST","OpThanos"
"hexcasting:const/null","d","EAST","NullIota"
"hexcasting:const/true","aqae","SOUTH_EAST","BooleanIota"
"hexcasting:const/false","dedq","NORTH_EAST","BooleanIota"
"hexcasting:const/vec/px","qqqqqea","NORTH_WEST","Vec3Iota"
"hexcasting:const/vec/py","qqqqqew","NORTH_WEST","Vec3Iota"
"hexcasting:const/vec/pz","qqqqqed","NORTH_WEST","Vec3Iota"
"hexcasting:const/vec/nx","eeeeeqa","SOUTH_WEST","Vec3Iota"
"hexcasting:const/vec/ny","eeeeeqw","SOUTH_WEST","Vec3Iota"
"hexcasting:const/vec/nz","eeeeeqd","SOUTH_WEST","Vec3Iota"
"hexcasting:const/vec/0","qqqqq","NORTH_WEST","Vec3Iota"
"hexcasting:const/double/pi","qdwdq","NORTH_EAST","DoubleIota"
"hexcasting:const/double/tau","eawae","NORTH_WEST","DoubleIota"
"hexcasting:const/double/e","aaq","EAST","DoubleIota"
"hexcasting:const/double/phi","wdded","NORTH_EAST","DoubleIota"
"hexcasting:get_entity","qqqqqdaqa","SOUTH_EAST","OpGetEntityAt"
"hexcasting:get_entity/animal","qqqqqdaqaawa","SOUTH_EAST","OpGetEntityAt"
"hexcasting:get_entity/monster","qqqqqdaqaawq","SOUTH_EAST","OpGetEntityAt"
"hexcasting:get_entity/item","qqqqqdaqaaww","SOUTH_EAST","OpGetEntityAt"
"hexcasting:get_entity/player","qqqqqdaqaawe","SOUTH_EAST","OpGetEntityAt"
"hexcasting:get_entity/living","qqqqqdaqaawd","SOUTH_EAST","OpGetEntityAt"
"hexcasting:zone_entity","qqqqqwded","SOUTH_EAST","OpGetEntitiesBy"
"hexcasting:zone_entity/animal","qqqqqwdeddwa","SOUTH_EAST","OpGetEntitiesBy"
"hexcasting:zone_entity/not_animal","eeeeewaqaawa","NORTH_EAST","OpGetEntitiesBy"
"hexcasting:zone_entity/monster","qqqqqwdeddwq","SOUTH_EAST","OpGetEntitiesBy"
"hexcasting:zone_entity/not_monster","eeeeewaqaawq","NORTH_EAST","OpGetEntitiesBy"
"hexcasting:zone_entity/item","qqqqqwdeddww","SOUTH_EAST","OpGetEntitiesBy"
"hexcasting:zone_entity/not_item","eeeeewaqaaww","NORTH_EAST","OpGetEntitiesBy"
"hexcasting:zone_entity/player","qqqqqwdeddwe","SOUTH_EAST","OpGetEntitiesBy"
"hexcasting:zone_entity/not_player","eeeeewaqaawe","NORTH_EAST","OpGetEntitiesBy"
"hexcasting:zone_entity/living","qqqqqwdeddwd","SOUTH_EAST","OpGetEntitiesBy"
"hexcasting:zone_entity/not_living","eeeeewaqaawd","NORTH_EAST","OpGetEntitiesBy"
"hexcasting:compare_block/lenient","qqqqqeqeeeee","NORTH_WEST","OpBlockEquality"
"hexcasting:compare_block/strict","qwawqwadadwewdwe","NORTH_WEST","OpBlockEquality"
"hexcasting:compare_entity","aqaeqded","NORTH_WEST","OpEntityEquality"
"hexcasting:compare_item/lenient","qaeaqeqedqde","NORTH_WEST","OpItemEquality"
"hexcasting:compare_item/strict","qaeaqewqedqde","NORTH_WEST","OpItemEquality"
"hexcasting:append","edqde","SOUTH_WEST","?"
"hexcasting:unappend","qaeaq","NORTH_WEST","?"
"hexcasting:index","deeed","NORTH_WEST","?"
"hexcasting:for_each","dadad","NORTH_EAST","OpForEach"
"hexcasting:singleton","adeeed","EAST","OpSingleton"
"hexcasting:empty_list","qqaeaae","NORTH_EAST","OpEmptyList"
"hexcasting:reverse","qqqaede","EAST","?"
"hexcasting:last_n_list","ewdqdwe","SOUTH_WEST","OpLastNToList"
"hexcasting:splat","qwaeawq","NORTH_WEST","OpSplat"
"hexcasting:index_of","dedqde","EAST","?"
"hexcasting:remove_from","edqdewaqa","SOUTH_WEST","?"
"hexcasting:slice","qaeaqwded","NORTH_WEST","?"
"hexcasting:replace","wqaeaqw","NORTH_WEST","?"
"hexcasting:construct","ddewedd","SOUTH_EAST","?"
"hexcasting:deconstruct","aaqwqaa","SOUTH_WEST","?"
"hexcasting:interop/pehkui/get","aawawwawwa","NORTH_WEST","OpGetScale"
"hexcasting:interop/pehkui/set","ddwdwwdwwd","NORTH_EAST","OpSetScale"
